地区,年末常住人口(万人),地方财政一般预算支出(亿元),地方财政一般预算收入(亿元),地方财政税收收入(亿元),地方财政非税收入(亿元),地区生产总值(亿元),规模以上工业企业利润总额(亿元),第二产业增加值(亿元),第三产业增加值(亿元),全体居民人均可支配收入(元),城镇居民人均可支配收入(元),农村居民人均可支配收入(元),规模以上工业企业R&D经费(万元),规模以上工业企业发明专利申请数(件),国内专利申请授权量(项),国内发明专利申请授权量(项),国内专利申请受理量(项),国内发明专利申请受理量(项),年份
北京市,,,,,,41611.0,,6605.1,34894.3,,,,,,,,,,2022年
天津市,,,,,,16311.3,,6038.9,9999.3,,,,,,,,,,2022年
河北省,,,,,,42370.4,,17050.1,20910.0,,,,,,,,,,2022年
山西省,,,,,,25642.6,,13840.9,10461.3,,,,,,,,,,2022年
内蒙古自治区,,,,,,23158.7,,11241.8,9263.1,,,,,,,,,,2022年
辽宁省,,,,,,28975.1,,11755.8,14621.7,,,,,,,,,,2022年
吉林省,,,,,,13070.2,,4628.3,6752.8,,,,,,,,,,2022年
黑龙江省,,,,,,15901.0,,4648.9,7642.2,,,,,,,,,,2022年
上海市,,,,,,44652.8,,11458.4,33097.4,,,,,,,,,,2022年
江苏省,,,,,,122875.6,,55888.7,62027.5,,,,,,,,,,2022年
浙江省,,,,,,77715.4,,33205.2,42185.4,,,,,,,,,,2022年
安徽省,,,,,,45045.0,,18588.0,22943.3,,,,,,,,,,2022年
福建省,,,,,,53109.9,,25078.2,24955.5,,,,,,,,,,2022年
江西省,,,,,,32074.7,,14359.6,15263.7,,,,,,,,,,2022年
山东省,,,,,,87435.1,,35014.2,46122.3,,,,,,,,,,2022年
河南省,,,,,,61345.1,,25465.0,30062.2,,,,,,,,,,2022年
湖北省,,,,,,53734.9,,21240.6,27507.6,,,,,,,,,,2022年
湖南省,,,,,,48670.4,,19182.6,24885.1,,,,,,,,,,2022年
广东省,,,,,,129118.6,,52843.5,70934.7,,,,,,,,,,2022年
广西壮族自治区,,,,,,26300.9,,8938.6,13092.5,,,,,,,,,,2022年
海南省,,,,,,6818.2,,1310.9,4089.5,,,,,,,,,,2022年
重庆市,,,,,,29129.0,,11693.9,15423.1,,,,,,,,,,2022年
四川省,,,,,,56749.8,,21157.1,29628.4,,,,,,,,,,2022年
贵州省,,,,,,20164.6,,7113.0,10190.4,,,,,,,,,,2022年
云南省,,,,,,28954.2,,10471.2,14470.8,,,,,,,,,,2022年
西藏自治区,,,,,,2132.6,,804.7,1147.8,,,,,,,,,,2022年
陕西省,,,,,,32772.7,,15933.1,14264.2,,,,,,,,,,2022年
甘肃省,,,,,,11201.6,,3945.0,5741.3,,,,,,,,,,2022年
青海省,,,,,,3610.1,,1585.7,1644.2,,,,,,,,,,2022年
宁夏回族自治区,,,,,,5069.6,,2449.1,2213.0,,,,,,,,,,2022年
新疆维吾尔自治区,,,,,,17741.3,,7271.1,7961.0,,,,,,,,,,2022年
北京市,2189,7205.12,5932.31,5164.64,767.66,41045.6,3684.37,7389.0,33545.2,75002,81518,33303,3135144,15589,198778,79210,283134,167608,2021年
天津市,1373,3152.55,2141.06,1621.89,519.17,15685.1,1503.27,5672.7,9746.5,47449,51486,27955,2512635,5928,97910,7376,90471,21370,2021年
河北省,7448,8848.21,4167.62,2735.73,1431.90,40397.1,2454.86,16355.8,20010.9,29383,39791,18179,5703924,8844,120034,8621,130705,23923,2021年
山西省,3480,5046.62,2834.47,2094.72,739.75,22870.4,3072.48,11578.1,10005.4,27426,37433,15308,1862448,3664,37379,3915,40460,10059,2021年
内蒙古自治区,2400,5239.57,2349.95,1671.05,678.90,21166.0,3378.19,9880.6,8931.5,34108,44377,18337,1547744,2725,24362,1651,29462,5998,2021年
辽宁省,4229,5879.21,2765.59,1970.87,794.72,27569.5,1841.96,10883.3,14224.2,35112,43051,19217,3672792,6614,80191,10480,88504,23078,2021年
吉林省,2375,3696.84,1143.98,809.41,334.57,13163.8,1078.82,4768.3,6841.7,27770,35646,17642,858433,3187,29879,5730,38807,12680,2021年
黑龙江省,3125,5104.81,1300.51,870.18,430.33,14858.2,536.98,4086.5,7308.3,27159,33646,17889,887690,2769,38884,6337,47577,15018,2021年
上海市,2489,8430.86,7771.80,6606.74,1165.06,43653.2,3164.63,11366.7,32190.4,78027,82429,38521,6983293,16786,179317,32860,232918,92527,2021年
江苏省,8505,14585.26,10015.16,8171.30,1843.86,117392.4,9586.47,52678.7,59992.7,47498,57744,26791,27166319,65806,640917,68813,696693,188241,2021年
浙江省,6540,11014.59,8262.64,7171.97,1090.66,74040.8,7019.41,31174.0,40655.1,57541,68487,35247,15916604,41292,465468,56796,503197,129821,2021年
安徽省,6113,7591.05,3498.19,2389.90,1108.30,42565.2,2870.96,17240.1,21961.1,30904,43009,18372,7391200,30230,153475,23624,196427,64106,2021年
福建省,4187,5204.72,3383.40,2493.14,890.27,49566.1,4980.00,23319.8,23346.3,40659,51141,23229,7716534,15516,153814,12561,160703,31093,2021年
江西省,4517,6778.87,2812.23,1929.33,882.90,29827.8,3270.22,13230.7,14263.0,30610,41684,18684,3978466,8312,97372,6741,100930,19171,2021年
山东省,10170,11713.16,7284.46,5475.99,1808.47,82875.2,5394.75,32834.5,44011.7,35705,47066,20794,15653402,31824,329838,36345,369470,82481,2021年
河南省,9883,9784.29,4353.92,2842.56,1511.36,58071.4,2933.52,23566.4,28878.2,26811,37095,17533,7640132,10345,158038,13536,167550,34950,2021年
湖北省,5830,7933.67,3283.32,2559.68,723.64,50091.2,4419.29,19332.1,26123.9,30829,40278,18259,7235941,22180,155169,22376,175312,51690,2021年
湖南省,6622,8325.50,3250.69,2245.99,1004.70,45713.5,2618.32,17852.5,23537.9,31993,44866,18295,7661149,16503,98936,16564,114167,36746,2021年
广东省,12684,18247.01,14105.04,10785.23,3319.80,124719.5,11278.35,50555.8,69179.0,44993,54854,22306,29021849,139727,872209,102850,980634,242551,2021年
广西壮族自治区,5037,5806.54,1800.15,1191.09,609.07,25209.1,1346.66,8513.9,12643.9,26727,38530,16363,1370239,4878,46804,4573,55987,13693,2021年
海南省,1020,1971.37,921.16,742.93,178.22,6504.1,212.72,1240.8,4008.8,30457,40213,18076,141545,729,13632,954,17679,4497,2021年
重庆市,3212,4835.06,2285.45,1543.40,742.05,28077.3,2133.79,11217.3,14938.1,33803,43503,18100,4245267,7362,76206,9413,83555,24068,2021年
四川省,8372,11215.69,4773.15,3334.86,1438.29,54088.0,4546.72,19949.7,28476.2,29080,41444,17575,4801710,14847,146936,19337,163664,45358,2021年
贵州省,3852,5590.01,1969.39,1177.15,792.24,19458.6,1249.64,6850.5,9877.2,23996,39211,12856,1210567,3850,39267,2824,41733,9869,2021年
云南省,4690,6634.36,2278.29,1514.21,764.08,27161.6,1357.21,9537.2,13793.1,25666,40905,14197,1764956,2996,41167,3643,47997,10293,2021年
西藏自治区,366,2027.01,215.62,142.17,73.45,2080.2,50.10,757.3,1158.8,24950,46503,16932,24782,31,1929,184,2644,515,2021年
陕西省,3954,6069.22,2775.42,2237.04,538.39,30121.7,3710.31,14019.0,13692.9,28568,40713,14745,3196867,6708,86272,15516,105652,38643,2021年
甘肃省,2490,4032.56,1001.86,667.41,334.45,10225.5,545.33,3451.2,5409.5,22066,36187,11433,642948,1526,26056,2253,30165,6423,2021年
青海省,594,1854.52,328.76,234.73,94.04,3385.1,297.92,1364.7,1666.7,25920,37745,13604,138488,467,6591,454,7448,1585,2021年
宁夏回族自治区,725,1427.89,460.01,300.74,159.28,4588.2,458.91,2099.2,2124.4,27905,38291,15337,517577,1346,12885,1103,14579,3054,2021年
新疆维吾尔自治区,2589,5376.91,1618.61,1093.24,525.37,16311.6,1936.85,6295.9,7656.6,26075,37642,15575,541819,2008,21178,1153,22221,4395,2021年
北京市,2189,7116.18,5483.89,4643.87,840.02,35943.3,1729.55,5739.1,30095.9,69434,75602,30126,2974157,13078,162824,63266,254165,145035,2020年
天津市,1387,3151.35,1923.11,1500.14,422.97,14008.0,971.15,4911.8,8885.9,43854,47659,25691,2287717,6060,75434,5262,111514,22057,2020年
河北省,7464,9022.79,3826.46,2527.28,1299.18,36013.8,2177.78,13765.1,18368.4,27136,37286,16467,4854544,7543,92196,6365,125608,22131,2020年
山西省,3490,5110.87,2296.57,1625.99,670.58,17835.6,1086.28,7703.2,8965.8,25214,34793,13878,1561790,3059,27296,2987,40302,9472,2020年
内蒙古自治区,2403,5270.16,2051.20,1457.76,593.43,17258.0,1314.98,6908.2,8321.1,31497,41353,16567,1293714,2331,17958,1162,26224,5381,2020年
辽宁省,4255,6014.17,2655.75,1879.06,776.70,25011.4,1341.22,9357.5,13369.1,32738,40376,17450,3353222,6252,60185,7936,86527,21830,2020年
吉林省,2399,4127.17,1085.02,771.95,313.08,12256.0,573.99,4319.9,6383.1,25751,33396,16067,776448,2764,23951,3969,34438,11113,2020年
黑龙江省,3171,5449.41,1152.51,811.92,340.59,13633.4,311.48,3449.9,6738.5,24902,31115,16168,774634,2650,28475,4598,43252,13163,2020年
上海市,2488,8102.11,7046.30,5841.88,1204.42,38963.3,2882.67,10258.6,28597.1,72232,76437,34911,6350087,17544,139780,24208,210293,81042,2020年
江苏省,8477,13681.55,9058.99,7413.86,1645.13,102807.7,7622.80,44631.3,53638.9,43390,53102,24198,23816885,62892,499167,45975,719452,177995,2020年
浙江省,6468,10082.01,7248.24,6261.75,986.49,64689.1,5807.04,26361.5,36161.3,52397,62699,31930,13958988,35319,391700,49888,507050,129708,2020年
安徽省,6105,7473.59,3216.01,2199.52,1016.48,38061.5,2439.55,15216.5,19660.1,28103,39442,16620,6394211,27083,119696,21432,202298,69663,2020年
福建省,4161,5216.10,3079.04,2184.72,894.32,43608.6,3949.87,20168.4,20709.3,37202,47160,20880,6669131,12934,145928,10250,174867,32929,2020年
江西省,4519,6674.08,2507.54,1701.92,805.63,25782.0,2591.34,11107.9,12430.2,28017,38556,16981,3460219,6949,80239,4407,109738,20285,2020年
山东省,10165,11233.52,6559.93,4757.62,1802.31,72798.2,4431.32,28456.7,38977.2,32886,43726,18753,13656187,27413,238778,26745,337280,74420,2020年
河南省,9941,10372.67,4168.84,2764.73,1404.11,54259.4,2823.18,22220.9,26684.5,24810,34750,16108,6855770,9899,122809,9183,178585,32609,2020年
湖北省,5745,8442.88,2511.54,1923.45,588.09,43004.5,2646.93,15933.8,22937.6,27881,36706,16306,6109588,18798,110102,17555,163613,47767,2020年
湖南省,6645,8403.13,3008.66,2057.98,950.69,41542.6,2559.92,15949.2,21352.7,29380,41698,16585,6645286,15169,78723,11537,128573,48530,2020年
广东省,12624,17430.79,12923.85,9881.95,3041.90,111151.6,9572.09,43868.1,62550.8,41029,50257,20143,24999527,127497,709725,70695,967204,215926,2020年
广西壮族自治区,5019,6179.47,1716.94,1113.22,603.72,22120.9,990.49,7046.8,11428.1,24562,35859,14815,1133332,2803,34470,3521,51712,12854,2020年
海南省,1012,1972.46,816.06,559.82,256.24,5566.2,133.15,1072.2,3358.0,27904,37097,16279,117021,411,8578,721,14360,2618,2020年
重庆市,3209,4893.95,2094.85,1430.72,664.13,25041.4,1506.53,9969.6,13268.3,30824,40006,16361,3725610,6300,55377,7637,83826,22273,2020年
四川省,8371,11198.54,4260.89,2967.20,1293.69,48501.6,3386.38,17505.6,25439.2,26522,38253,15929,4276383,13439,108386,14187,160036,41417,2020年
贵州省,3858,5739.50,1786.80,1086.04,700.76,17860.4,1174.41,6263.0,9057.5,21795,36096,11642,1053574,3475,34971,2268,49200,10693,2020年
云南省,4722,6974.02,2116.69,1453.07,663.62,24555.7,1115.02,8387.5,12556.5,23295,37500,12842,1451454,3131,28943,2458,45153,9753,2020年
西藏自治区,366,2210.92,220.99,143.24,77.75,1902.7,19.17,714.9,1037.5,21744,41156,14598,8944,29,1702,96,2296,477,2020年
陕西省,3955,5930.32,2257.31,1752.14,505.17,26014.1,2037.07,11222.0,12524.4,26226,37868,13316,2684020,6445,60524,12122,99236,38262,2020年
甘肃省,2501,4163.40,874.55,567.93,306.62,8979.7,300.06,2824.8,4966.7,20335,33822,10344,521334,1229,20991,1446,30732,5684,2020年
青海省,593,1932.84,297.99,213.27,84.71,3009.8,103.18,1143.2,1528.6,24037,35506,12342,103699,494,4693,333,6736,1417,2020年
宁夏回族自治区,721,1480.36,419.44,263.87,155.57,3956.3,194.61,1629.3,1989.0,25735,35720,13889,453491,1408,7710,703,12172,2574,2020年
新疆维吾尔自治区,2590,5533.16,1477.22,910.19,567.02,13800.7,671.79,4786.7,7032.8,23845,34838,14056,391939,1671,12763,859,18843,3776,2020年
北京市,2190,7408.19,5817.10,4822.98,994.12,35445.1,1710.25,5667.4,29663.4,67756,73849,28928,2851859,11543,131716,53127,226113,129930,2019年
天津市,1385,3555.71,2410.41,1634.35,776.06,14055.5,1247.68,4947.2,8922.9,42404,46119,24804,2134320,4676,57799,5025,96045,24574,2019年
河北省,7447,8309.04,3738.99,2630.73,1108.26,34978.6,2140.10,13393.7,18066.4,25665,35738,15373,4385826,8431,57809,5130,101274,20536,2019年
山西省,3497,4710.76,2347.75,1783.66,564.09,16961.6,1164.69,7466.3,8670.0,23828,33262,12902,1380813,2543,16598,2300,31705,8424,2019年
内蒙古自治区,2415,5100.91,2059.69,1539.69,520.01,17212.5,1463.06,6763.1,8586.1,30555,40782,15283,1183625,2050,11059,911,21069,4889,2019年
辽宁省,4277,5745.09,2652.40,1929.52,722.89,24855.3,1354.04,9475.9,13201.4,31820,39777,16108,3102482,4995,40037,7501,69732,22592,2019年
吉林省,2448,3933.42,1116.95,797.98,318.97,11726.8,743.99,4134.8,6304.7,24563,32299,14936,684086,2386,15579,3006,31052,11269,2019年
黑龙江省,3255,5011.56,1262.76,924.40,338.35,13544.4,417.22,3640.1,6721.1,24254,30945,14982,714862,2060,19989,4144,37313,13125,2019年
上海市,2481,8179.28,7165.10,6216.29,948.81,37987.6,2927.07,10193.6,27686.9,69442,73615,33195,5906504,15239,100587,22735,173586,71398,2019年
江苏省,8469,12573.55,8802.36,7339.59,1462.77,98656.8,6855.03,43507.5,50852.1,41400,51056,22675,22061581,57429,314395,39681,594249,172409,2019年
浙江省,6375,10053.03,7048.58,5898.75,1149.83,62462.0,5003.04,26299.5,34075.8,49899,60182,29876,12742260,30914,285342,33964,435883,112981,2019年
安徽省,6092,7392.22,3182.71,2209.73,972.98,36845.5,2254.30,14970.0,18959.5,26415,37540,15416,5765371,22975,82524,14958,166871,62743,2019年
福建省,4137,5077.93,3052.93,2208.98,843.95,42326.6,4326.54,20065.5,19665.6,35616,45620,19568,5985139,11025,98955,8963,153133,30019,2019年
江西省,4516,6386.80,2487.39,1747.63,739.76,24667.3,2262.80,10820.3,11789.3,26262,36546,15796,3202151,5768,59140,2744,91474,14101,2019年
山东省,10106,10739.76,6526.71,4849.29,1677.42,70540.5,3652.74,28171.8,37251.7,31597,42329,17775,12109485,21948,146481,20652,263211,69350,2019年
河南省,9901,10163.93,4041.89,2841.34,1200.54,53717.8,3547.88,23035.6,26046.5,23903,34201,15164,6087153,8734,86247,6991,144010,30260,2019年
湖北省,5927,7970.21,3388.57,2530.82,857.75,45429.0,3049.57,18723.0,22896.5,28319,37601,16391,5865143,16366,73940,14178,141321,47450,2019年
湖南省,6640,8034.42,3007.15,2061.96,945.19,39894.1,2227.27,15401.7,20845.2,27680,39842,15395,5931485,13356,54685,8479,106113,39104,2019年
广东省,12489,17297.85,12654.53,10063.95,2590.58,107986.9,9140.48,43368.2,60268.1,39014,48118,18818,23148566,121320,527390,59742,807700,203311,2019年
广西壮族自治区,4982,5850.96,1811.89,1146.78,665.11,21237.1,923.78,7046.4,10801.0,23328,34745,13676,1044742,2634,22687,3413,41900,12412,2019年
海南省,995,1858.60,814.14,653.25,160.90,5330.8,170.50,1083.8,3168.1,26679,36017,15113,108154,269,4423,530,9302,2183,2019年
重庆市,3188,4847.68,2134.93,1541.22,593.71,23605.8,1210.32,9392.0,12662.2,28920,37939,15133,3358918,5565,43872,6988,67271,20103,2019年
四川省,8351,10348.17,4070.83,2888.74,1182.08,46363.8,3036.89,17187.9,24368.3,24703,36154,14670,3878572,11250,82066,12053,131529,39539,2019年
贵州省,3848,5948.74,1767.47,1204.02,563.45,16769.3,976.30,5971.5,8517.3,20397,34404,10756,910206,2985,24729,1900,44328,10770,2019年
云南省,4714,6770.09,2073.56,1450.63,622.93,23223.8,950.80,8060.4,12125.7,22082,36238,11902,1297741,2665,22324,2174,35212,8996,2019年
西藏自治区,361,2187.75,221.99,157.52,64.47,1697.8,6.94,635.6,924.0,19501,37410,12951,5574,32,1020,79,2304,456,2019年
陕西省,3944,5718.52,2287.90,1846.11,441.79,25793.2,2360.44,11779.5,12022.6,24666,36098,12326,2408037,5593,44101,9843,92087,34812,2019年
甘肃省,2509,3951.60,850.49,577.92,272.56,8718.3,304.87,2862.4,4796.6,19139,32323,9629,505544,1292,14894,1154,27637,6056,2019年
青海省,590,1863.67,282.25,198.70,83.55,2941.1,-528.82,1153.9,1485.3,22618,33830,11499,93712,438,3046,292,5017,1232,2019年
宁夏回族自治区,717,1438.29,423.58,267.50,156.08,3748.5,218.32,1587.1,1881.4,24412,34328,12858,415733,1087,5555,598,9275,2525,2019年
新疆维吾尔自治区,2559,5315.49,1577.63,1016.09,561.53,13597.1,680.95,4784.4,7030.9,23103,34664,13122,441347,1234,8652,856,14771,3544,2019年
北京市,2192,7471.43,5785.92,4988.83,797.09,33106.0,1530.00,5477.4,27508.1,62361,67990,26490,2740103,10386,123496,46978,211212,117664,2018年
天津市,1383,3103.16,2106.24,1624.89,481.35,13362.9,1200.70,4835.3,8352.3,39506,42976,23065,2528761,4939,54680,5626,99038,26661,2018年
河北省,7426,7726.21,3513.86,2555.82,958.04,32494.6,2211.70,12904.1,16252.0,23446,32977,14031,3819916,6067,51894,5126,83785,18954,2018年
山西省,3502,4283.91,2292.70,1645.67,647.03,15958.1,1355.90,7074.5,8142.9,21990,31035,11750,1312531,2416,15060,2284,27106,9395,2018年
内蒙古自治区,2422,4831.46,1857.65,1399.86,457.79,16140.8,1409.40,6335.4,8054.7,28376,38305,13803,1033594,1440,9625,864,16426,3757,2018年
辽宁省,4291,5337.72,2616.08,1976.13,639.95,23510.5,1460.30,9049.0,12441.0,29701,37342,14656,3006014,5425,35149,7176,65686,25476,2018年
吉林省,2484,3789.59,1240.89,891.75,349.14,11253.8,817.00,4051.5,6041.6,22798,30172,13748,575015,1314,13885,2868,27034,10530,2018年
黑龙江省,3327,4676.75,1282.60,980.80,301.79,12846.5,487.00,3536.0,6309.3,22726,29191,13804,605680,1232,19435,4309,34582,12017,2018年
上海市,2475,8351.54,7108.15,6285.04,823.11,36011.8,3338.40,10360.8,25546.3,64183,68034,30375,5548768,12541,92460,21331,150233,62755,2018年
江苏省,8446,11657.35,8630.16,7263.65,1366.51,93207.6,8491.90,42129.4,46936.5,38096,47200,20845,20245195,55944,306996,42019,600306,198801,2018年
浙江省,6273,8629.53,6598.21,5586.63,1011.58,58002.8,4452.10,25308.1,30718.8,45840,55574,27302,11473921,27998,284621,32550,455590,143081,2018年
安徽省,6076,6572.15,3048.67,2180.74,867.93,34010.9,2448.20,14094.4,17278.5,23984,34393,13996,4973027,26175,79747,14846,207428,108782,2018年
福建省,4104,4832.69,3007.41,2237.42,769.99,38687.8,3537.10,18847.8,17461.0,32644,42121,17821,5249417,9850,102622,9858,166610,37252,2018年
江西省,4513,5667.52,2373.01,1663.15,709.86,22716.5,2157.80,10081.2,10758.0,24080,33819,14460,2677714,5216,52819,2524,86001,14519,2018年
山东省,10077,10100.96,6485.40,4897.92,1587.47,66648.9,4872.20,27523.7,34174.7,29205,39549,16297,14184975,31329,132382,20338,231585,72764,2018年
河南省,9864,9217.73,3766.02,2656.65,1109.36,49935.9,3053.40,22038.6,23586.2,21964,31874,13831,5289250,8911,82318,8339,154381,46868,2018年
湖北省,5917,7258.27,3307.08,2463.52,843.56,42022.0,2755.40,17573.9,20899.9,25815,34455,14978,5255194,12858,64106,11393,124535,50664,2018年
湖南省,6635,7479.61,2860.84,1959.67,901.18,36329.7,1726.90,13904.1,19341.4,25241,36698,14093,5167217,11517,48957,8261,94503,35414,2018年
广东省,12348,15729.26,12105.26,9737.51,2367.74,99945.2,8309.70,41398.5,54710.4,35810,44341,17168,21072031,103499,478082,53259,793819,216469,2018年
广西壮族自治区,4947,5310.74,1681.45,1122.09,559.36,19627.8,1100.10,6692.9,9913.9,21485,32436,12435,891031,2559,20551,4330,44224,20302,2018年
海南省,982,1691.30,752.67,628.68,123.98,4910.7,145.30,1053.1,2871.6,24579,33349,13989,113708,249,3292,489,6451,2127,2018年
重庆市,3163,4540.95,2265.54,1603.03,662.51,21588.8,1218.70,8842.2,11367.9,26386,34889,13781,2992091,6198,45688,6570,72121,22686,2018年
四川省,8321,9707.50,3911.01,2819.77,1091.24,42902.1,2717.90,16056.9,22417.7,22461,33216,13331,3423923,10705,87372,11697,152987,53805,2018年
贵州省,3822,5029.68,1726.85,1266.02,460.84,15353.2,879.20,5506.2,7691.0,18430,31592,9716,762280,2611,19456,2081,44508,14992,2018年
云南省,4703,6075.03,1994.35,1423.25,571.10,20880.6,925.20,7267.5,11114.5,20084,33488,10768,1070172,2038,20340,2297,36515,9606,2018年
西藏自治区,354,1970.68,230.35,155.93,74.42,1548.4,17.40,582.7,837.3,17286,33797,11450,8625,15,755,73,1469,453,2018年
陕西省,3931,5302.44,2243.14,1774.29,468.85,23941.9,2436.30,11215.3,10896.4,22528,33319,11213,2165554,4436,41479,8884,76512,30888,2018年
甘肃省,2515,3772.23,871.05,610.47,260.58,8104.1,270.40,2761.6,4416.4,17488,29957,8804,476151,1207,13958,1280,27882,6035,2018年
青海省,587,1647.43,272.89,205.49,67.40,2748.0,62.70,1093.7,1386.2,20757,31515,10393,67716,321,2668,298,4439,1287,2018年
宁夏回族自治区,710,1419.06,436.52,298.30,138.22,3510.2,174.20,1488.1,1742.7,22400,31895,11708,369910,929,5658,744,9860,2999,2018年
新疆维吾尔自治区,2520,5012.45,1531.42,1051.80,479.62,12809.4,788.80,4657.2,6460.1,21500,32764,11975,448779,1244,9658,923,14647,3665,2018年
北京市,2194,6824.53,5430.79,4676.68,754.11,29883.0,2023.67,5049.4,24711.7,57230,62406,24240,2690851,10119,106948,46091,185928,99167,2017年
天津市,1410,3282.54,2310.36,1611.96,698.40,12450.6,1061.37,4564.1,7717.5,37022,40278,21754,2411418,5463,41675,5844,86996,25652,2017年
河北省,7409,6639.18,3233.83,2199.35,1034.48,30640.8,2712.87,12778.0,14732.8,21484,30548,12881,3509684,4798,35348,4927,61288,13982,2017年
山西省,3510,3756.42,1867.00,1397.43,469.57,14484.3,1031.59,6635.3,7129.8,20420,29132,10788,1122323,1632,11311,2382,20697,7379,2017年
内蒙古自治区,2433,4529.93,1703.21,1286.91,416.30,14898.1,1451.74,5874.3,7374.0,26212,35670,12584,1082640,1733,6271,848,11701,2845,2017年
辽宁省,4312,4879.42,2392.77,1812.42,580.35,21693.0,1063.25,8328.9,11461.8,27835,34993,13747,2749477,4994,26495,7708,49871,20500,2017年
吉林省,2526,3725.72,1210.91,854.03,356.88,10922.0,1028.03,3995.5,5831.2,21368,28319,12950,749958,1231,11090,3057,20450,7780,2017年
黑龙江省,3399,4641.08,1243.31,901.91,341.41,12313.0,416.70,3519.5,5828.2,21206,27446,12665,825854,1648,18221,4947,30958,10607,2017年
上海市,2466,7547.62,6642.26,5865.51,776.75,32925.0,3243.80,9525.9,23288.3,58988,62596,27825,5399953,12329,72806,20681,131740,54630,2017年
江苏省,8423,10621.03,8171.53,6484.33,1687.21,85869.8,10052.54,39124.1,42700.5,35024,43622,19158,18338832,45719,227187,41518,514402,187005,2017年
浙江省,6170,7530.32,5804.38,4940.74,863.64,52403.1,4605.41,23246.7,27222.5,42046,51261,24956,10301447,21817,213805,28742,377115,98975,2017年
安徽省,6057,6203.81,2812.45,1970.68,841.77,29676.2,2352.44,12681.2,14412.7,21863,31640,12758,4361175,24394,58213,12440,175872,93527,2017年
福建省,4065,4684.15,2809.03,2052.64,756.39,33842.4,3221.82,16290.0,15337.3,30048,39001,16335,4487934,8810,68304,8718,128079,26456,2017年
江西省,4511,5111.47,2247.06,1515.01,732.05,20210.8,2355.56,9444.6,8930.9,22031,31198,13242,2216865,3949,33029,2238,70591,11507,2017年
山东省,10033,9258.40,6098.63,4419.40,1679.23,63012.1,8128.17,26925.6,31253.8,26930,36789,15118,15636785,28448,100522,19090,204859,67772,2017年
河南省,9829,8215.52,3407.22,2329.31,1077.91,44824.9,5352.43,20940.3,19745.3,20170,29558,12719,4722542,7704,55407,7914,119240,35625,2017年
湖北省,5904,6801.26,3248.32,2247.82,1000.49,37235.0,2608.03,15713.9,17992.2,23757,31889,13812,4689377,10112,46369,10880,110234,51569,2017年
湖南省,6633,6869.39,2757.82,1759.13,998.69,33828.1,2093.98,13459.8,17369.9,23103,33948,12936,4617716,9144,37916,7909,77934,31365,2017年
广东省,12141,15037.48,11320.35,8871.89,2448.46,91648.7,8864.36,38536.6,49500.7,33003,40975,15780,18650313,86724,332652,45740,627834,182639,2017年
广西壮族自治区,4907,4908.55,1615.13,1057.69,557.44,17790.7,1610.95,6138.3,8774.1,19905,30502,11325,935996,2502,15270,4553,56988,37976,2017年
海南省,972,1443.97,674.11,543.56,130.54,4497.5,110.03,996.4,2538.4,22553,30817,12902,74815,267,2133,373,4564,1627,2017年
重庆市,3144,4336.28,2252.38,1476.33,776.05,20066.3,1501.87,8455.0,10335.2,24153,32193,12638,2799986,5149,34780,6138,64648,19297,2017年
四川省,8289,8694.76,3577.99,2430.32,1147.66,37905.1,2824.26,14569.2,19073.5,20580,30727,12227,3010846,10335,64006,11367,167484,64642,2017年
贵州省,3803,4612.52,1613.84,1179.73,434.11,13605.4,903.43,4970.9,6602.3,16704,29080,8869,648576,2542,12559,1875,34610,13885,2017年
云南省,4693,5712.97,1886.17,1233.85,652.32,18486.0,782.65,6317.8,9829.8,18348,30996,9862,885588,1891,14230,2259,28695,7801,2017年
西藏自治区,349,1681.94,185.83,122.70,63.13,1349.0,26.60,469.6,761.2,15457,30671,10330,3186,12,420,42,1097,273,2017年
陕西省,3904,4833.19,2006.69,1485.58,521.11,21473.5,2274.43,10114.1,9618.3,20635,30810,10265,1963697,3939,34554,8774,98935,46607,2017年
甘肃省,2522,3304.44,815.73,547.14,268.59,7336.7,244.54,2515.8,3961.2,16011,27763,8076,466912,1052,9672,1340,24448,5785,2017年
青海省,586,1530.44,246.20,183.96,62.23,2465.1,101.11,975.7,1251.0,19001,29169,9462,83276,271,1580,240,3181,949,2017年
宁夏回族自治区,705,1372.78,417.59,270.30,147.29,3200.3,146.04,1406.0,1543.7,20562,29472,10738,291101,937,4244,657,8575,2561,2017年
新疆维吾尔自治区,2480,4637.24,1466.52,944.38,522.14,11159.9,722.57,4096.2,5511.9,19975,30775,11045,400468,961,8094,950,14260,3207,2017年
北京市,2195,6406.77,5081.26,4452.97,628.29,27041.2,1608.26,4665.8,22245.7,52530,57275,22310,2548433,9392,100578,40602,189129,104643,2016年
天津市,1443,3699.43,2723.50,1624.22,1099.28,11477.2,2046.69,4368.0,6940.8,34074,37110,20076,3499551,7300,39734,5185,106514,38153,2016年
河北省,7375,6049.53,2849.87,1996.12,853.75,28474.1,2815.11,12332.3,13059.3,19725,28249,11919,3086608,4120,31826,4247,54838,14141,2016年
山西省,3514,3428.86,1557.00,1036.67,520.33,11946.4,294.78,5113.6,6108.5,19049,27352,10082,976283,1410,10062,2411,20031,8208,2016年
内蒙古自治区,2436,4512.71,2016.43,1335.88,680.55,13789.3,1344.41,5579.8,6558.9,24127,32975,11609,1279853,1321,5846,871,10672,2878,2016年
辽宁省,4327,4577.47,2200.49,1687.45,513.04,20392.5,575.39,7865.7,10685.6,26040,32876,12881,2420637,4382,25104,6731,52603,25561,2016年
吉林省,2567,3586.09,1263.78,872.97,390.81,10427.0,1268.49,3901.4,5395.5,19967,26530,12123,908602,1176,9995,2428,18922,7537,2016年
黑龙江省,3463,4227.34,1148.41,827.85,320.56,11895.0,295.54,3689.7,5454.0,19838,25736,11832,884925,1934,18046,4345,35293,13177,2016年
上海市,2467,6918.94,6406.13,5625.90,780.23,29887.0,2913.91,8570.2,21202.4,54305,57692,25520,4900778,11293,64230,20086,119937,54339,2016年
江苏省,8381,9981.96,8121.23,6531.83,1589.40,77350.9,10574.40,35041.5,38269.6,32070,40152,17606,16575418,49229,231033,40952,512429,184632,2016年
浙江省,6072,6974.26,5301.98,4540.09,761.89,47254.0,4469.42,21571.3,23792.4,38529,47237,22866,9357877,19280,221456,26576,393147,93254,2016年
安徽省,6033,5522.95,2672.79,1857.53,815.26,26307.7,2242.26,11517.5,12300.5,19998,29156,11720,3709224,23322,60983,15292,172552,95963,2016年
福建省,4016,4275.40,2654.83,1962.72,692.11,29609.4,2889.26,14683.7,12780.6,27608,36014,14999,3882632,8162,67142,7170,130376,27041,2016年
江西省,4496,4617.40,2151.47,1471.10,680.37,18388.6,2443.93,8732.5,7862.0,20110,28673,12138,1797561,3290,31472,1914,60494,8202,2016年
山东省,9973,8755.21,5860.18,4212.59,1647.59,58762.5,8820.02,25565.0,28367.2,24685,34012,13954,14150035,22769,98093,19404,212911,88359,2016年
河南省,9778,7453.74,3153.47,2158.44,995.03,40249.3,5240.61,18986.9,17198.8,18443,27233,11697,4096962,6197,49145,6811,94669,28582,2016年
湖北省,5885,6422.98,3102.06,2122.93,979.13,33353.0,2713.46,14527.0,15419.5,21787,29386,12725,4459622,9227,41822,8517,95157,43789,2016年
湖南省,6625,6339.16,2697.88,1551.33,1146.55,30853.5,2028.59,12942.0,14995.9,21115,31284,11930,3929647,8021,34050,6967,67779,25524,2016年
广东省,11908,13446.09,10390.35,8098.63,2291.72,82163.2,8383.04,35499.2,43163.5,30296,37684,14512,16762749,68168,259032,38626,505667,155581,2016年
广西壮族自治区,4857,4441.70,1556.27,1036.22,520.05,16116.6,1393.35,5621.0,7695.3,18305,28324,10359,827248,2660,14858,5159,59239,43078,2016年
海南省,957,1376.48,637.51,504.96,132.55,4090.2,101.87,904.0,2261.5,20653,28453,11843,79819,360,1939,383,3658,1278,2016年
重庆市,3110,4001.81,2227.91,1438.45,789.46,18023.0,1648.36,7765.4,9020.7,22034,29610,11549,2374859,5392,42738,5044,59518,19981,2016年
四川省,8251,8008.89,3388.85,2329.23,1059.62,33138.5,2339.82,13450.1,15787.8,18808,28335,11203,2572607,8523,62445,10350,142522,54277,2016年
贵州省,3758,4262.36,1561.34,1120.44,440.90,11792.4,847.02,4468.7,5461.8,15121,26743,8090,556853,2021,10425,2036,25315,10953,2016年
云南省,4677,5018.86,1812.29,1173.52,638.77,16369.0,334.98,5747.4,8396.1,16720,28611,9020,741847,1878,12032,2125,23709,7907,2016年
西藏自治区,340,1587.98,155.99,99.05,56.94,1173.0,16.94,390.4,672.1,13639,27802,9094,4003,15,245,33,712,176,2016年
陕西省,3874,4389.37,1833.99,1204.39,629.60,19045.8,1589.00,8906.5,8443.2,18874,28440,9396,1844216,3360,48455,7503,69611,22565,2016年
甘肃省,2520,3150.03,786.97,526.00,260.97,6907.9,72.68,2483.5,3623.7,14670,25693,7457,509228,814,7975,1308,20276,6114,2016年
青海省,582,1524.80,238.51,176.48,62.03,2258.2,80.02,867.7,1169.3,17302,26757,8664,77940,285,1357,271,3284,1381,2016年
宁夏回族自治区,695,1254.54,387.66,246.55,141.11,2781.4,143.23,1179.7,1360.7,18832,27153,9852,239624,909,2677,560,6149,2510,2016年
新疆维吾尔自治区,2428,4138.25,1298.95,869.18,429.77,9630.8,386.59,3446.1,4711.6,18355,28463,10183,390946,777,7116,910,14105,3598,2016年
北京市,2188,5737.70,4723.86,4263.91,459.95,24779.1,1597.71,4419.8,20218.9,48458,52859,20569,2440875,10281,94031,35308,156312,88930,2015年
天津市,1439,3232.35,2667.11,1578.07,1089.05,10879.5,2221.82,4489.6,6227.6,31291,34101,18482,3526665,6507,37342,4624,79963,28510,2015年
河北省,7345,5632.19,2649.18,1934.29,714.89,26398.4,2360.99,11519.5,11778.4,18118,26152,11051,2858051,3393,30130,3840,44060,11259,2015年
山西省,3519,3422.97,1642.35,1056.60,585.75,11836.4,-30.69,5219.7,5890.5,17854,25828,9454,1008950,1303,10020,2432,14948,5680,2015年
内蒙古自治区,2440,4252.96,1964.48,1320.75,643.74,12949.0,1048.55,5269.5,6049.2,22310,30594,10776,1186261,1031,5522,797,8876,2254,2015年
辽宁省,4338,4481.61,2127.39,1650.45,476.94,20210.3,1069.66,8344.6,9811.9,24576,31126,12057,2418803,4131,25182,6569,42153,19332,2015年
吉林省,2613,3217.10,1229.35,867.12,362.23,10018.0,1208.47,3837.8,4909.6,18684,24901,11326,861541,787,8878,2240,14800,6154,2015年
黑龙江省,3529,4020.66,1165.88,880.34,285.53,11690.0,465.09,3926.9,5050.9,18593,24203,11095,880392,1752,18943,4024,34611,14663,2015年
上海市,2458,6191.56,5519.50,4858.16,661.34,26887.0,2680.53,8408.7,18352.8,49867,52962,23205,4742443,10740,60623,17601,100006,46976,2015年
江苏省,8315,9687.58,8028.59,6610.12,1418.47,71255.9,9686.84,33371.8,33931.7,29539,37173,16257,15065065,41744,250290,36015,428337,154608,2015年
浙江省,5985,6645.98,4809.94,4168.22,641.72,43507.7,3839.99,20606.6,21129.8,35537,43714,21125,8535689,17242,234983,23345,307264,67674,2015年
安徽省,6011,5239.01,2454.30,1799.89,654.41,23831.2,2000.12,10838.3,10616.8,18363,26936,10821,3221422,19967,59039,11180,127709,68314,2015年
福建省,3984,4001.58,2544.24,1938.71,605.53,26819.5,2359.82,13735.7,11150.9,25404,33275,13793,3469810,6880,61621,5730,83146,17663,2015年
江西省,4485,4412.55,2165.74,1517.03,648.71,16780.9,2114.65,8367.7,6698.8,18437,26500,11139,1474968,2522,24161,1639,36936,5722,2015年
山东省,9866,8250.01,5529.33,4203.12,1326.21,55288.8,8660.48,24814.9,25571.1,22703,31545,12930,12917718,19621,98101,16881,193220,93475,2015年
河南省,9701,6799.35,3016.05,2101.17,914.88,37084.1,4900.60,17947.9,15120.7,17125,25576,10853,3688252,5250,47766,5384,74373,21338,2015年
湖北省,5850,6132.84,3005.53,2086.50,919.03,30344.0,2456.00,13569.5,13664.6,20026,27051,11844,4072726,7227,38781,7766,74240,30204,2015年
湖南省,6615,5728.72,2515.43,1527.52,987.91,28538.6,1808.70,12665.7,13125.0,19317,28838,10993,3525450,7591,34075,6776,54501,19499,2015年
广东省,11678,12827.80,9366.78,7377.07,1989.71,74732.4,7723.16,33913.8,37628.9,27859,34757,13360,15205497,51672,241176,33477,355939,103941,2015年
广西壮族自治区,4811,4065.51,1515.16,1031.65,483.51,14797.8,1279.06,5391.0,6841.4,16873,26416,9467,769190,2005,13573,4017,43696,30815,2015年
海南省,945,1239.43,627.70,514.31,113.39,3734.2,103.61,882.9,2016.0,18979,26356,10858,111841,312,2061,417,3127,1211,2015年
重庆市,3070,3792.00,2154.83,1450.93,703.90,16040.5,1411.86,7208.0,7764.8,20110,27239,10505,1996609,6758,38914,3964,82791,35086,2015年
四川省,8196,7497.51,3355.44,2353.51,1001.93,30342.0,2171.26,13192.5,13488.6,17221,26205,10247,2238051,8085,64953,9105,110746,40437,2015年
贵州省,3708,3939.50,1503.38,1126.03,377.35,10541.0,732.76,4026.7,4872.3,13697,24580,7387,457303,1953,14115,1501,18295,7538,2015年
云南省,4663,4712.83,1808.10,1210.54,597.61,14960.0,465.53,5491.7,7389.0,15223,26373,8242,619588,1493,11658,2079,17603,6301,2015年
西藏自治区,330,1381.46,137.13,92.00,45.13,1043.0,6.93,341.8,607.6,12254,25457,8244,2602,14,198,40,309,128,2015年
陕西省,3846,4376.06,2059.95,1290.33,769.63,17898.8,1441.30,8664.6,7634.5,17395,26420,8689,1725829,3036,33350,6812,74904,17322,2015年
甘肃省,2523,2958.31,743.86,529.79,214.07,6556.6,-91.89,2505.4,3317.8,13467,23767,6936,486077,698,6912,1238,14584,5504,2015年
青海省,577,1515.16,267.13,205.81,61.33,2011.0,67.85,761.1,1041.0,15813,24542,7933,65029,144,1217,207,2590,1103,2015年
宁夏回族自治区,684,1138.49,373.40,256.31,117.13,2579.4,85.34,1116.8,1225.8,17329,25186,9119,200453,761,1865,442,4394,2626,2015年
新疆维吾尔自治区,2385,3804.87,1330.90,861.73,469.12,9306.9,340.97,3446.1,4451.2,16859,26275,9425,366180,788,8761,950,12250,3024,2015年
北京市,2171,4524.67,4027.16,3861.29,165.87,22926.0,1515.75,4433.0,18333.9,44489,48532,18867,2335010,9835,74661,23237,138111,78129,2014年
天津市,1429,2884.70,2390.35,1486.88,903.47,10640.6,2261.83,4615.5,5866.3,28832,31506,17014,3228057,6996,26351,3279,63422,23391,2014年
河北省,7323,4677.30,2446.62,1866.06,580.56,25208.9,2610.90,11476.9,10567.3,16647,24141,10186,2606711,3519,20132,2286,30000,8332,2014年
山西省,3528,3085.28,1820.64,1134.34,686.29,12094.7,256.31,6378.0,4980.1,16538,24069,8809,1247027,1777,8371,1559,15687,6107,2014年
内蒙古自治区,2449,3879.98,1843.67,1251.07,592.60,12158.2,1299.32,5114.4,5405.8,20559,28350,9976,1080287,974,4031,458,6359,1924,2014年
辽宁省,4358,5080.49,3192.78,2330.57,862.21,20025.7,2107.63,9038.8,8984.9,22820,29082,11191,3242303,5165,19525,3975,37860,18417,2014年
吉林省,2642,2913.25,1203.38,884.40,318.98,9966.5,1445.89,3804.9,4891.5,17520,23218,10780,789431,1045,6696,1434,11933,5288,2014年
黑龙江省,3608,3434.22,1301.31,977.40,323.92,12170.8,1007.08,4872.4,4607.4,17404,22609,10453,955820,1840,15412,2454,31856,13468,2014年
上海市,2467,4923.44,4585.55,4219.05,366.50,25269.8,2650.00,8633.3,16504.5,45966,48841,21192,4492192,12524,50488,11614,81664,39133,2014年
江苏省,8281,8472.45,7233.14,6006.05,1227.10,64830.5,9057.17,31048.8,30174.3,27173,34346,14958,13765378,39858,200032,19671,421907,146660,2014年
浙江省,5890,5159.57,4122.02,3853.96,268.06,40023.5,3729.13,19580.7,18716.2,32658,40393,19373,7681473,16824,188544,13372,261435,52406,2014年
安徽省,5997,4664.10,2218.44,1692.52,525.92,22519.7,1943.62,10982.6,9242.1,16796,24839,9916,2847303,15701,48380,5184,99160,49960,2014年
福建省,3945,3306.70,2362.21,1893.73,468.48,24942.1,2344.27,13165.1,9921.2,23331,30722,12650,3153831,6447,37857,3426,58075,12529,2014年
江西省,4480,3882.70,1881.83,1381.13,500.70,15667.8,2130.41,8238.7,5802.3,16734,24309,10117,1284642,2516,13831,1033,25594,4688,2014年
山东省,9808,7177.31,5026.83,3965.76,1061.07,50774.8,8843.91,23588.0,22524.0,20864,29222,11882,11755482,17299,72818,10538,158619,77298,2014年
河南省,9645,6028.69,2739.26,1951.46,787.80,34574.8,4946.19,17139.6,13446.9,15695,23672,9966,3372310,5072,33366,3493,62434,19646,2014年
湖北省,5816,4934.15,2566.90,1873.11,693.78,28242.1,2402.63,13007.9,12232.6,18283,24852,10849,3629506,6471,28290,4855,59050,22536,2014年
湖南省,6611,5017.38,2262.79,1438.52,824.27,25881.3,1688.30,11825.1,11385.2,17622,26570,10060,3100446,7333,26637,4160,44194,14474,2014年
广东省,11489,9152.64,8065.08,6510.47,1554.61,68173.0,7014.99,31930.4,33204.0,25685,32148,12246,13752869,55624,179953,22276,278358,75147,2014年
广西壮族自治区,4770,3479.79,1422.28,978.07,444.21,13587.8,1085.71,5145.6,6028.8,15557,24669,8683,848808,2423,9664,1933,32298,22237,2014年
海南省,936,1099.74,555.31,480.55,74.75,3449.0,113.36,826.5,1829.3,17476,24487,9913,111010,505,1597,380,2416,969,2014年
重庆市,3043,3304.39,1922.02,1281.83,640.19,14623.8,1229.65,6774.6,6858.5,18352,25147,9490,1664720,3696,24312,2321,55298,19418,2014年
四川省,8139,6796.61,3061.07,2312.46,748.61,28891.3,2237.00,13082.7,12283.9,15749,24234,9348,1960112,7800,47120,5682,91167,29926,2014年
贵州省,3677,3542.80,1366.67,1026.70,339.97,9173.1,628.68,3582.4,4309.3,12371,22548,6671,410132,1918,10107,1047,22467,8203,2014年
云南省,4653,4437.98,1698.06,1233.23,464.83,14041.7,516.08,5376.5,6657.7,13772,24299,7456,516572,1281,8124,1423,13343,4732,2014年
西藏自治区,325,1185.51,124.27,85.86,38.41,939.7,12.56,310.3,541.3,10730,22016,7359,2943,6,146,50,248,92,2014年
陕西省,3827,3962.50,1890.40,1335.68,554.72,17402.5,1877.44,9045.0,6790.6,15837,24366,7932,1606946,3171,22820,4885,56235,24399,2014年
甘肃省,2531,2541.49,672.67,490.26,182.41,6518.4,243.17,2823.3,2999.4,12185,21804,6277,464410,778,5097,812,12020,4986,2014年
青海省,576,1347.43,251.68,199.39,52.28,1847.7,106.19,714.8,917.0,14374,22307,7283,92528,111,619,110,1534,660,2014年
宁夏回族自治区,678,1000.45,339.86,250.33,89.54,2473.9,118.06,1113.7,1143.4,15907,23285,8410,186518,611,1424,243,3532,2183,2014年
新疆维吾尔自治区,2325,3317.79,1282.34,887.79,394.54,9264.5,731.65,3829.3,4028.5,15097,23214,8724,357812,805,5238,605,10210,2360,2014年
北京市,2125,4173.66,3661.11,3514.52,146.59,21134.6,1282.88,4168.3,16806.5,40830,44564,17101,2130618,9240,62671,20695,123336,67554,2013年
天津市,1410,2549.21,2079.07,1310.66,768.41,9945.4,2258.93,4407.1,5383.6,26359,28980,15353,3000377,6446,24856,3141,60915,21946,2013年
河北省,7288,4409.58,2295.62,1724.87,570.75,24259.6,2734.70,11178.4,9939.3,15190,22227,9188,2327418,3054,18186,2008,27619,7329,2013年
山西省,3535,3030.13,1701.62,1136.89,564.74,11987.2,614.59,6684.3,4605.3,15120,22258,7949,1237698,1807,8565,1332,18859,6025,2013年
内蒙古自治区,2455,3686.52,1720.98,1215.20,505.79,11392.4,2014.06,4870.1,4939.4,18693,26004,8985,1004406,981,3836,549,6388,1935,2013年
辽宁省,4365,5197.42,3343.81,2521.62,822.20,19208.8,2976.15,9204.2,8031.2,20818,26697,10161,3331303,5226,21656,3830,45996,25292,2013年
吉林省,2668,2744.81,1156.96,856.41,300.55,9427.9,1278.39,3572.1,4605.5,15998,21331,9781,698136,971,6219,1496,10751,4549,2013年
黑龙江省,3666,3369.18,1277.40,912.82,364.58,11849.1,1185.49,5202.7,4106.9,15903,20848,9369,950335,1683,19819,2238,32264,10338,2013年
上海市,2448,4528.61,4109.51,3797.16,312.35,23204.1,2392.05,8286.5,14786.0,42174,44878,19208,4047800,11377,48680,10644,86450,39157,2013年
江苏省,8192,7798.47,6568.46,5419.49,1148.98,59349.4,8379.50,29149.4,26752.5,24776,31585,13521,12395745,33090,239645,16790,504500,141259,2013年
浙江省,5784,4730.47,3796.92,3545.66,251.26,37334.6,3561.26,18162.8,17453.1,29775,37080,17494,6843562,15036,202350,11139,294014,42744,2013年
安徽省,5988,4349.69,2075.08,1520.22,554.86,20584.0,2108.77,10233.4,8177.4,15154,22789,8850,2477246,10866,48849,4241,93353,34857,2013年
福建省,3885,3068.80,2119.45,1723.28,396.16,22503.8,2227.45,11805.5,8953.2,21218,28174,11405,2791966,5475,37511,2941,53701,9884,2013年
江西省,4476,3470.30,1621.24,1178.74,442.49,14300.2,1802.24,7661.9,5097.7,15100,22120,9089,1106443,1669,9970,923,16938,3931,2013年
山东省,9746,6688.80,4559.95,3533.49,1026.46,47344.3,8715.36,22615.9,20274.3,19008,26882,10687,10528097,15254,76976,8913,155170,67642,2013年
河南省,9573,5582.31,2415.45,1764.71,650.74,31632.5,4543.07,15995.4,11809.9,14204,21741,8969,2953410,4182,29482,3173,55920,15580,2013年
湖北省,5798,4371.65,2191.22,1604.85,586.37,25378.0,2475.07,11846.3,10648.0,16472,22668,9692,3117987,6119,28760,4052,50816,18189,2013年
湖南省,6600,4690.89,2030.88,1299.15,731.73,23545.2,2047.87,10913.8,10042.3,16005,24352,9029,2703987,6880,24392,3613,41336,11938,2013年
广东省,11270,8411.00,7081.47,5767.94,1313.53,62503.4,6496.42,29343.0,30284.0,23421,29537,11068,12374791,47213,170430,20084,264265,68990,2013年
广西壮族自治区,4731,3208.67,1317.60,875.74,441.86,12448.4,1014.24,4709.3,5448.4,14082,22689,7793,817063,2234,7884,1295,23251,14382,2013年
海南省,920,1011.17,481.01,411.63,69.38,3115.9,123.16,750.9,1641.4,15733,22411,8802,93567,389,1331,449,2359,921,2013年
重庆市,3011,3062.28,1693.24,1112.62,580.63,13027.6,907.60,5988.6,6097.7,16569,23058,8493,1388199,2509,24828,2360,49036,12562,2013年
四川省,8109,6220.91,2784.10,2103.51,680.59,26518.0,2328.99,12418.9,10841.7,14231,22228,8381,1688902,5666,46171,4566,82453,23510,2013年
贵州省,3632,3082.66,1206.41,839.67,366.75,7973.1,636.60,3171.0,3802.7,11083,20565,5898,342541,1516,7915,776,17405,3988,2013年
云南省,4641,4096.51,1611.30,1215.66,395.64,12825.5,630.63,5000.5,5946.5,12578,22460,6724,454278,1167,6804,1312,11512,3961,2013年
西藏自治区,317,1014.31,95.02,71.54,23.49,828.2,7.34,270.8,476.2,9740,20394,6553,4617,8,121,44,203,92,2013年
陕西省,3804,3665.07,1748.33,1256.24,492.09,15905.4,2151.37,8418.0,6023.9,14372,22346,7092,1401480,3161,20836,4133,57287,26487,2013年
甘肃省,2537,2309.62,607.27,417.73,189.55,6014.5,300.46,2674.0,2682.4,10954,19873,5589,400743,638,4737,785,10976,3735,2013年
青海省,571,1228.05,223.86,175.05,48.81,1713.3,149.07,681.0,827.6,12948,20352,6462,89540,132,502,91,1099,520,2013年
宁夏回族自治区,666,922.48,308.34,237.49,70.85,2327.7,179.97,1059.5,1057.5,14566,21476,7599,167494,607,1211,184,3230,1792,2013年
新疆维吾尔自治区,2285,3067.12,1128.49,826.34,302.15,8392.6,855.23,3479.9,3586.2,13670,21091,7847,314257,550,4998,540,8224,2081,2013年
